discussion,link,order,code
https://github.com/alpinejs/alpine/discussions/489,https://github.com/alpinejs/alpine/pull/498,aft,pull open
https://github.com/alpinejs/alpine/discussions/491,https://github.com/alpinejs/alpine/pull/502,aft,pull open
https://github.com/alpinejs/alpine/discussions/626,https://github.com/alpinejs/alpine/pull/597,mid,deepen discussion
https://github.com/alpinejs/alpine/discussions/632,https://github.com/alpinejs/alpine/pull/630,mid,reference
https://github.com/alpinejs/alpine/discussions/668,https://github.com/alpinejs/alpine/pull/673,aft,pull open
https://github.com/apache/couchdb/discussions/2856,https://github.com/apache/couchdb/issues/2236,mid,reference
https://github.com/apache/couchdb/discussions/2989,https://github.com/apache/couchdb/issues/2941,mid,reference
https://github.com/apollographql/apollo-client/discussions/6056,https://github.com/apollographql/apollo-client/issues/6057,aft,issue open
https://github.com/apollographql/apollo-client/discussions/6135,https://github.com/apollographql/apollo-client/issues/6397,aft,issue open
https://github.com/apollographql/apollo-client/discussions/6145,https://github.com/apollographql/apollo-client/issues/6273,aft,reference
https://github.com/ardatan/graphql-tools/discussions/1337,https://github.com/ardatan/graphql-tools/issues/1234,mid,reference
https://github.com/ardatan/graphql-tools/discussions/1337,https://github.com/ardatan/graphql-tools/issues/1380,aft,reference
https://github.com/ardatan/graphql-tools/discussions/1337,https://github.com/ardatan/graphql-tools/issues/884,mid,reference
https://github.com/ardatan/graphql-tools/discussions/1709,https://github.com/ardatan/graphql-tools/pull/1798,aft,pull open
https://github.com/ardatan/graphql-tools/discussions/1709,https://github.com/ardatan/graphql-tools/pull/1766,aft,pull open
https://github.com/aws-amplify/amplify-js/discussions/5061,https://github.com/aws-amplify/amplify-js/pull/5062,aft,pull open
https://github.com/aws-amplify/amplify-js/discussions/5369,https://github.com/aws-amplify/amplify-js/issues/5354,mid,reference
https://github.com/aws-amplify/amplify-js/discussions/5748,https://github.com/aws-amplify/amplify-js/pull/5930,aft,pull open
https://github.com/aws-amplify/amplify-js/discussions/5773,https://github.com/aws-amplify/amplify-js/issues/5077,mid,reference
https://github.com/babel/babel/discussions/11575,https://github.com/babel/babel/pull/10357,mid,reference
https://github.com/beakerbrowser/beaker/discussions/1707,https://github.com/beakerbrowser/beaker/issues/1708,aft,issue open
https://github.com/beakerbrowser/beaker/discussions/1723,https://github.com/beakerbrowser/beaker/issues/1724,aft,issue open
https://github.com/blitz-js/blitz/discussions/326,https://github.com/blitz-js/blitz/pull/652,aft,pull open
https://github.com/blitz-js/blitz/discussions/740,https://github.com/blitz-js/blitz/pull/770,aft,reference
https://github.com/clap-rs/clap/discussions/1781,https://github.com/clap-rs/clap/issues/1790,aft,issue open
https://github.com/codesandbox/codesandbox-client/discussions/4166,https://github.com/codesandbox/codesandbox-client/issues/4167,aft,issue open
https://github.com/concourse/concourse/discussions/5408,https://github.com/concourse/concourse/issues/5413,aft,issue open
https://github.com/concourse/concourse/discussions/5463,https://github.com/concourse/concourse/issues/5187,mid,reference
https://github.com/concourse/concourse/discussions/5538,https://github.com/concourse/concourse/pull/5497,mid,reference
https://github.com/concourse/concourse/discussions/5731,https://github.com/concourse/concourse/issues/5808,aft,issue open
https://github.com/concourse/concourse/discussions/5832,https://github.com/concourse/concourse/issues/5851,aft,deepen discussion
https://github.com/concourse/concourse/discussions/5937,https://github.com/concourse/concourse/issues/5939,aft,reference
https://github.com/davidkpiano/xstate/discussions/1248,https://github.com/davidkpiano/xstate/issues/1250,aft,issue open
https://github.com/davidkpiano/xstate/discussions/1256,https://github.com/davidkpiano/xstate/pull/1239,mid,reference
https://github.com/davidkpiano/xstate/discussions/1295,https://github.com/davidkpiano/xstate/pull/1290,mid,reference
https://github.com/davidkpiano/xstate/discussions/1321,https://github.com/davidkpiano/xstate/pull/1318,mid,reference
https://github.com/davidkpiano/xstate/discussions/255,https://github.com/davidkpiano/xstate/issues/172,mid,reference
https://github.com/davidkpiano/xstate/discussions/742,https://github.com/davidkpiano/xstate/issues/328,mid,reference
https://github.com/davidkpiano/xstate/discussions/742,https://github.com/davidkpiano/xstate/issues/479,mid,reference
https://github.com/davidkpiano/xstate/discussions/742,https://github.com/davidkpiano/xstate/issues/642,mid,reference
https://github.com/davidkpiano/xstate/discussions/742,https://github.com/davidkpiano/xstate/issues/554,mid,reference
https://github.com/davidkpiano/xstate/discussions/742,https://github.com/davidkpiano/xstate/issues/30,mid,reference
https://github.com/davidkpiano/xstate/discussions/742,https://github.com/davidkpiano/xstate/issues/1116,aft,reference
https://github.com/davidkpiano/xstate/discussions/742,https://github.com/davidkpiano/xstate/issues/287,mid,reference
https://github.com/davidkpiano/xstate/discussions/742,https://github.com/davidkpiano/xstate/issues/122,mid,reference
https://github.com/davidkpiano/xstate/discussions/742,https://github.com/davidkpiano/xstate/issues/424,mid,reference
https://github.com/davidkpiano/xstate/discussions/742,https://github.com/davidkpiano/xstate/issues/881,aft,reference
https://github.com/davidkpiano/xstate/discussions/742,https://github.com/davidkpiano/xstate/issues/528,mid,reference
https://github.com/davidkpiano/xstate/discussions/742,https://github.com/davidkpiano/xstate/issues/188,mid,reference
https://github.com/davidkpiano/xstate/discussions/742,https://github.com/davidkpiano/xstate/issues/101,mid,reference
https://github.com/davidkpiano/xstate/discussions/742,https://github.com/davidkpiano/xstate/issues/183,mid,reference
https://github.com/davidkpiano/xstate/discussions/742,https://github.com/davidkpiano/xstate/issues/635,mid,reference
https://github.com/davidkpiano/xstate/discussions/742,https://github.com/davidkpiano/xstate/issues/709,mid,reference
https://github.com/davidkpiano/xstate/discussions/742,https://github.com/davidkpiano/xstate/issues/432,mid,reference
https://github.com/davidkpiano/xstate/discussions/742,https://github.com/davidkpiano/xstate/issues/251,mid,reference
https://github.com/davidkpiano/xstate/discussions/742,https://github.com/davidkpiano/xstate/issues/1149,aft,reference
https://github.com/davidkpiano/xstate/discussions/742,https://github.com/davidkpiano/xstate/issues/466,mid,reference
https://github.com/davidkpiano/xstate/discussions/742,https://github.com/davidkpiano/xstate/issues/349,mid,reference
https://github.com/davidkpiano/xstate/discussions/742,https://github.com/davidkpiano/xstate/issues/268,mid,reference
https://github.com/dotansimha/graphql-code-generator/discussions/3494,https://github.com/dotansimha/graphql-code-generator/issues/1828,mid,deepen discussion
https://github.com/dotansimha/graphql-code-generator/discussions/3496,https://github.com/dotansimha/graphql-code-generator/pull/3501,aft,pull open
https://github.com/dotansimha/graphql-code-generator/discussions/4458,https://github.com/dotansimha/graphql-code-generator/issues/4373,mid,reference
https://github.com/dotnet/aspnetcore/discussions/23305,https://github.com/dotnet/aspnetcore/issues/23380,aft,issue open
https://github.com/dotnet/runtime/discussions/39017,https://github.com/dotnet/runtime/issues/39018,aft,issue open
https://github.com/eclipse-theia/theia/discussions/7786,https://github.com/eclipse-theia/theia/issues/7808,aft,issue open
https://github.com/eclipse-theia/theia/discussions/7885,https://github.com/eclipse-theia/theia/issues/7895,aft,issue open
https://github.com/edgedb/edgedb/discussions/1587,https://github.com/edgedb/edgedb/issues/1589,aft,issue open
https://github.com/edgedb/edgedb/discussions/1588,https://github.com/edgedb/edgedb/pull/1522,mid,reference
https://github.com/edgedb/edgedb/discussions/1590,https://github.com/edgedb/edgedb/issues/684,mid,reference
https://github.com/edgedb/edgedb/discussions/1608,https://github.com/edgedb/edgedb/issues/1609,aft,issue open
https://github.com/facebook/create-react-app/discussions/9131,https://github.com/facebook/create-react-app/pull/8978,mid,reference
https://github.com/facebook/docusaurus/discussions/3064,https://github.com/facebook/docusaurus/issues/3065,aft,issue open
https://github.com/fastlane/fastlane/discussions/16828,https://github.com/fastlane/fastlane/issues/16764,mid,reference
https://github.com/fastlane/fastlane/discussions/16838,https://github.com/fastlane/fastlane/pull/16158,mid,reference
https://github.com/fastlane/fastlane/discussions/16861,https://github.com/fastlane/fastlane/pull/16973,aft,pull open
https://github.com/gomods/athens/discussions/1538,https://github.com/gomods/athens/issues/1511,mid,reference
https://github.com/gomods/athens/discussions/1549,https://github.com/gomods/athens/issues/1459,mid,reference
https://github.com/goreleaser/goreleaser/discussions/1455,https://github.com/goreleaser/goreleaser/pull/1457,aft,pull open
https://github.com/goreleaser/goreleaser/discussions/1511,https://github.com/goreleaser/goreleaser/issues/1512,aft,issue open
https://github.com/goreleaser/goreleaser/discussions/1696,https://github.com/goreleaser/goreleaser/pull/1698,aft,pull open
https://github.com/graphql/graphiql/discussions/1444,https://github.com/graphql/graphiql/issues/59,mid,reference
https://github.com/ionic-team/capacitor/discussions/1286,https://github.com/ionic-team/capacitor/issues/2483,aft,reference
https://github.com/ionic-team/capacitor/discussions/1478,https://github.com/ionic-team/capacitor/issues/3133,aft,issue open
https://github.com/keystonejs/keystone/discussions/3005,https://github.com/keystonejs/keystone/pull/2258,mid,reference
https://github.com/keystonejs/keystone/discussions/3027,https://github.com/keystonejs/keystone/pull/3048,aft,pull open
https://github.com/keystonejs/keystone/discussions/3027,https://github.com/keystonejs/keystone/pull/2479,mid,deepen discussion
https://github.com/keystonejs/keystone/discussions/3027,https://github.com/keystonejs/keystone/pull/2469,mid,deepen discussion
https://github.com/keystonejs/keystone/discussions/3027,https://github.com/keystonejs/keystone/pull/2975,mid,reference
https://github.com/keystonejs/keystone/discussions/3028,https://github.com/keystonejs/keystone/issues/354,mid,deepen discussion
https://github.com/laravel/framework/discussions/33530,https://github.com/laravel/framework/pull/33547,aft,pull open
https://github.com/laravel/framework/discussions/33637,https://github.com/laravel/framework/pull/33644,aft,pull open
https://github.com/linkerd/linkerd2/discussions/4383,https://github.com/linkerd/linkerd2/issues/4276,mid,reference
https://github.com/livewire/livewire/discussions/1101,https://github.com/livewire/livewire/pull/1146,aft,reference
https://github.com/meilisearch/MeiliSearch/discussions/614,https://github.com/meilisearch/MeiliSearch/issues/424,mid,reference
https://github.com/meilisearch/MeiliSearch/discussions/634,https://github.com/meilisearch/MeiliSearch/issues/625,mid,reference
https://github.com/nlohmann/json/discussions/2234,https://github.com/nlohmann/json/pull/2258,aft,reference
https://github.com/nlohmann/json/discussions/2239,https://github.com/nlohmann/json/pull/2242,aft,pull open
https://github.com/nlohmann/json/discussions/2281,https://github.com/nlohmann/json/pull/2301,aft,pull open
https://github.com/nlohmann/json/discussions/2298,https://github.com/nlohmann/json/pull/2297,mid,reference
https://github.com/nlohmann/json/discussions/2302,https://github.com/nlohmann/json/pull/2301,mid,deepen discussion
https://github.com/octokit/rest.js/discussions/1769,https://github.com/octokit/rest.js/pull/1770,aft,pull open
https://github.com/octokit/rest.js/discussions/620,https://github.com/octokit/rest.js/pull/1596,aft,reference
https://github.com/octokit/rest.js/discussions/620,https://github.com/octokit/rest.js/issues/1400,aft,reference
https://github.com/octokit/rest.js/discussions/620,https://github.com/octokit/rest.js/pull/1499,aft,reference
https://github.com/octokit/rest.js/discussions/620,https://github.com/octokit/rest.js/pull/1437,aft,reference
https://github.com/octokit/rest.js/discussions/620,https://github.com/octokit/rest.js/pull/1387,aft,reference
https://github.com/octokit/rest.js/discussions/620,https://github.com/octokit/rest.js/issues/1546,aft,issue open
https://github.com/octokit/rest.js/discussions/620,https://github.com/octokit/rest.js/issues/622,aft,reference
https://github.com/octokit/rest.js/discussions/620,https://github.com/octokit/rest.js/pull/1402,aft,reference
https://github.com/octokit/rest.js/discussions/620,https://github.com/octokit/rest.js/pull/1381,aft,reference
https://github.com/octokit/rest.js/discussions/620,https://github.com/octokit/rest.js/pull/1576,aft,reference
https://github.com/octokit/rest.js/discussions/620,https://github.com/octokit/rest.js/pull/1427,aft,reference
https://github.com/octokit/rest.js/discussions/620,https://github.com/octokit/rest.js/issues/1430,aft,reference
https://github.com/octokit/rest.js/discussions/620,https://github.com/octokit/rest.js/pull/1403,aft,reference
https://github.com/octokit/rest.js/discussions/620,https://github.com/octokit/rest.js/pull/1481,aft,reference
https://github.com/octokit/rest.js/discussions/620,https://github.com/octokit/rest.js/pull/1610,aft,reference
https://github.com/octokit/rest.js/discussions/620,https://github.com/octokit/rest.js/issues/1553,aft,reference
https://github.com/octokit/rest.js/discussions/620,https://github.com/octokit/rest.js/issues/1544,aft,reference
https://github.com/outline/outline/discussions/1372,https://github.com/outline/outline/issues/1375,aft,issue open
https://github.com/parcel-bundler/parcel/discussions/3377,https://github.com/parcel-bundler/parcel/issues/4436,aft,reference
https://github.com/parcel-bundler/parcel/discussions/3519,https://github.com/parcel-bundler/parcel/issues/3387,mid,reference
https://github.com/prisma/prisma/discussions/1925,https://github.com/prisma/prisma/issues/1934,aft,issue open
https://github.com/prisma/prisma/discussions/2066,https://github.com/prisma/prisma/issues/1973,mid,reference
https://github.com/prisma/prisma/discussions/2079,https://github.com/prisma/prisma/issues/2084,aft,issue open
https://github.com/prisma/prisma/discussions/2091,https://github.com/prisma/prisma/issues/2157,aft,issue open
https://github.com/prisma/prisma/discussions/2166,https://github.com/prisma/prisma/issues/186,mid,reference
https://github.com/prisma/prisma/discussions/2221,https://github.com/prisma/prisma/issues/2241,aft,issue open
https://github.com/prisma/prisma/discussions/2226,https://github.com/prisma/prisma/issues/253,mid,deepen discussion
https://github.com/prisma/prisma/discussions/2253,https://github.com/prisma/prisma/issues/2255,aft,issue open
https://github.com/prisma/prisma/discussions/2281,https://github.com/prisma/prisma/issues/1487,mid,reference
https://github.com/prisma/prisma/discussions/2289,https://github.com/prisma/prisma/issues/1487,mid,reference
https://github.com/prisma/prisma/discussions/2575,https://github.com/prisma/prisma/issues/2580,aft,issue open
https://github.com/prisma/prisma/discussions/2704,https://github.com/prisma/prisma/issues/2713,aft,issue open
https://github.com/prisma/prisma/discussions/2858,https://github.com/prisma/prisma/issues/2881,aft,issue open
https://github.com/prisma/prisma/discussions/2960,https://github.com/prisma/prisma/issues/2961,aft,issue open
https://github.com/prisma/prisma/discussions/3047,https://github.com/prisma/prisma/issues/3051,aft,issue open
https://github.com/prisma/prisma/discussions/3164,https://github.com/prisma/prisma/issues/3107,mid,deepen discussion
https://github.com/react-hook-form/react-hook-form/discussions/1774,https://github.com/react-hook-form/react-hook-form/issues/1749,mid,reference
https://github.com/react-hook-form/react-hook-form/discussions/2281,https://github.com/react-hook-form/react-hook-form/issues/2298,aft,issue open
https://github.com/react-hook-form/react-hook-form/discussions/2397,https://github.com/react-hook-form/react-hook-form/pull/2377,mid,reference
https://github.com/react-spring/react-three-fiber/discussions/430,https://github.com/react-spring/react-three-fiber/issues/429,mid,reference
https://github.com/SixLabors/ImageSharp/discussions/1220,https://github.com/SixLabors/ImageSharp/issues/1221,aft,issue open
https://github.com/SixLabors/ImageSharp/discussions/1255,https://github.com/SixLabors/ImageSharp/pull/1257,aft,pull open
https://github.com/slatedocs/slate/discussions/1290,https://github.com/slatedocs/slate/issues/1291,aft,issue open
https://github.com/spatie/laravel-activitylog/discussions/745,https://github.com/spatie/laravel-activitylog/pull/747,aft,pull open
https://github.com/starship/starship/discussions/1116,https://github.com/starship/starship/pull/1148,aft,pull open
https://github.com/starship/starship/discussions/1116,https://github.com/starship/starship/pull/1056,mid,reference
https://github.com/starship/starship/discussions/1432,https://github.com/starship/starship/issues/1057,mid,reference
https://github.com/starship/starship/discussions/52,https://github.com/starship/starship/issues/280,aft,deepen discussion
https://github.com/starship/starship/discussions/52,https://github.com/starship/starship/pull/64,aft,pull open
https://github.com/storybookjs/storybook/discussions/11047,https://github.com/storybookjs/storybook/issues/9311,mid,reference
https://github.com/storybookjs/storybook/discussions/11324,https://github.com/storybookjs/storybook/pull/11388,aft,reference
https://github.com/storybookjs/storybook/discussions/11512,https://github.com/storybookjs/storybook/issues/11526,aft,reference
https://github.com/strapi/strapi/discussions/5948,https://github.com/strapi/strapi/pull/5747,mid,reference
https://github.com/strapi/strapi/discussions/6274,https://github.com/strapi/strapi/pull/6324,aft,reference
https://github.com/strapi/strapi/discussions/6847,https://github.com/strapi/strapi/issues/6634,mid,reference
https://github.com/system-ui/theme-ui/discussions/1071,https://github.com/system-ui/theme-ui/issues/1081,aft,issue open
https://github.com/tannerlinsley/react-query/discussions/417,https://github.com/tannerlinsley/react-query/pull/404,mid,reference
https://github.com/tannerlinsley/react-query/discussions/511,https://github.com/tannerlinsley/react-query/issues/539,aft,issue open
https://github.com/tannerlinsley/react-query/discussions/566,https://github.com/tannerlinsley/react-query/issues/521,mid,reference
https://github.com/tannerlinsley/react-query/discussions/649,https://github.com/tannerlinsley/react-query/issues/650,aft,issue open
https://github.com/tannerlinsley/react-query/discussions/668,https://github.com/tannerlinsley/react-query/issues/664,mid,deepen discussion
https://github.com/tannerlinsley/react-table/discussions/2007,https://github.com/tannerlinsley/react-table/pull/2013,aft,pull open
https://github.com/tannerlinsley/react-table/discussions/2047,https://github.com/tannerlinsley/react-table/pull/2329,aft,reference
https://github.com/tannerlinsley/react-table/discussions/2233,https://github.com/tannerlinsley/react-table/pull/2534,aft,reference
https://github.com/tannerlinsley/react-table/discussions/2379,https://github.com/tannerlinsley/react-table/pull/2430,aft,reference
https://github.com/tannerlinsley/react-table/discussions/2437,https://github.com/tannerlinsley/react-table/issues/2369,mid,reference
https://github.com/tannerlinsley/react-table/discussions/2437,https://github.com/tannerlinsley/react-table/issues/2397,mid,deepen discussion
https://github.com/tokio-rs/tokio/discussions/2715,https://github.com/tokio-rs/tokio/issues/2717,aft,issue open
https://github.com/twbs/bootstrap/discussions/30643,https://github.com/twbs/bootstrap/pull/29545,mid,reference
https://github.com/twbs/bootstrap/discussions/31218,https://github.com/twbs/bootstrap/pull/31201,mid,reference
https://github.com/ueberdosis/tiptap/discussions/192,https://github.com/scrumpy/tiptap/pull/123,mid,reference
https://github.com/vercel/next.js/discussions/10053,https://github.com/vercel/next.js/issues/9524,mid,reference
https://github.com/vercel/next.js/discussions/10437,https://github.com/vercel/next.js/issues/9524,mid,reference
https://github.com/vercel/next.js/discussions/10438,https://github.com/vercel/next.js/pull/9988,mid,reference
https://github.com/vercel/next.js/discussions/10438,https://github.com/vercel/next.js/issues/4998,mid,reference
https://github.com/vercel/next.js/discussions/10645,https://github.com/vercel/next.js/issues/11405,aft,reference
https://github.com/vercel/next.js/discussions/10651,https://github.com/vercel/next.js/pull/13511,aft,pull open
https://github.com/vercel/next.js/discussions/10714,https://github.com/vercel/next.js/issues/10488,mid,reference
https://github.com/vercel/next.js/discussions/10761,https://github.com/vercel/next.js/issues/9524,mid,reference
https://github.com/vercel/next.js/discussions/10762,https://github.com/vercel/next.js/issues/9524,mid,reference
https://github.com/vercel/next.js/discussions/10820,https://github.com/vercel/next.js/issues/9524,mid,reference
https://github.com/vercel/next.js/discussions/10851,https://github.com/vercel/next.js/issues/10488,mid,reference
https://github.com/vercel/next.js/discussions/10879,https://github.com/vercel/next.js/issues/9524,mid,reference
https://github.com/vercel/next.js/discussions/10906,https://github.com/vercel/next.js/pull/11063,aft,reference
https://github.com/vercel/next.js/discussions/11244,https://github.com/vercel/next.js/issues/11230,mid,reference
https://github.com/vercel/next.js/discussions/11272,https://github.com/vercel/next.js/issues/10933,mid,reference
https://github.com/vercel/next.js/discussions/11386,https://github.com/vercel/next.js/issues/11897,aft,reference
https://github.com/vercel/next.js/discussions/11546,https://github.com/vercel/next.js/pull/11401,mid,reference
https://github.com/vercel/next.js/discussions/11607,https://github.com/vercel/next.js/issues/11583,mid,reference
https://github.com/vercel/next.js/discussions/11625,https://github.com/vercel/next.js/issues/11971,aft,issue open
https://github.com/vercel/next.js/discussions/11632,https://github.com/vercel/next.js/pull/11701,aft,pull open
https://github.com/vercel/next.js/discussions/11731,https://github.com/vercel/next.js/issues/12291,aft,reference
https://github.com/vercel/next.js/discussions/11731,https://github.com/vercel/next.js/issues/11742,aft,reference
https://github.com/vercel/next.js/discussions/11890,https://github.com/vercel/next.js/pull/13018,aft,reference
https://github.com/vercel/next.js/discussions/12220,https://github.com/vercel/next.js/issues/10734,mid,reference
https://github.com/vercel/next.js/discussions/12246,https://github.com/vercel/next.js/issues/12256,aft,issue open
https://github.com/vercel/next.js/discussions/12771,https://github.com/vercel/next.js/pull/12277,mid,reference
https://github.com/vercel/next.js/discussions/12771,https://github.com/vercel/next.js/issues/11617,mid,reference
https://github.com/vercel/next.js/discussions/12785,https://github.com/vercel/next.js/pull/13202,aft,pull open
https://github.com/vercel/next.js/discussions/12795,https://github.com/vercel/next.js/pull/12832,aft,reference
https://github.com/vercel/next.js/discussions/12798,https://github.com/vercel/next.js/issues/12806,aft,reference
https://github.com/vercel/next.js/discussions/12798,https://github.com/vercel/next.js/pull/12840,aft,pull open
https://github.com/vercel/next.js/discussions/12878,https://github.com/vercel/next.js/issues/10488,mid,reference
https://github.com/vercel/next.js/discussions/12888,https://github.com/vercel/next.js/issues/12890,aft,issue open
https://github.com/vercel/next.js/discussions/13114,https://github.com/vercel/next.js/issues/13117,aft,issue open
https://github.com/vercel/next.js/discussions/13602,https://github.com/vercel/next.js/pull/13604,aft,reference
https://github.com/vercel/next.js/discussions/13630,https://github.com/vercel/next.js/issues/10361,mid,reference
https://github.com/vercel/next.js/discussions/14056,https://github.com/vercel/next.js/pull/14372,aft,pull open
https://github.com/vercel/next.js/discussions/14156,https://github.com/vercel/next.js/pull/14197,aft,pull open
https://github.com/vercel/next.js/discussions/14220,https://github.com/vercel/next.js/pull/14231,aft,pull open
https://github.com/vercel/next.js/discussions/14237,https://github.com/vercel/next.js/issues/10899,mid,reference
https://github.com/vercel/next.js/discussions/14302,https://github.com/vercel/next.js/issues/12964,mid,reference
https://github.com/vercel/next.js/discussions/14449,https://github.com/vercel/next.js/pull/14513,aft,pull open
https://github.com/vercel/next.js/discussions/15043,https://github.com/vercel/next.js/issues/15023,mid,reference
https://github.com/vercel/next.js/discussions/15327,https://github.com/vercel/next.js/issues/13616,mid,reference
https://github.com/vercel/next.js/discussions/15327,https://github.com/vercel/next.js/pull/13542,mid,deepen discussion
https://github.com/vercel/next.js/discussions/15327,https://github.com/vercel/next.js/issues/13197,mid,reference
https://github.com/vercel/next.js/discussions/6009,https://github.com/vercel/next.js/issues/5554,mid,deepen discussion
https://github.com/vercel/next.js/discussions/7563,https://github.com/vercel/next.js/issues/3056,mid,deepen discussion
https://github.com/vercel/next.js/discussions/9081,https://github.com/vercel/next.js/issues/13353,aft,reference
https://github.com/vercel/next.js/discussions/9081,https://github.com/vercel/next.js/issues/8123,mid,deepen discussion
https://github.com/vercel/swr/discussions/459,https://github.com/vercel/swr/pull/435,mid,reference
https://github.com/vercel/vercel/discussions/4052,https://github.com/vercel/vercel/issues/3491,mid,reference
https://github.com/vercel/vercel/discussions/4132,https://github.com/vercel/vercel/pull/4161,aft,pull open
https://github.com/vercel/vercel/discussions/4305,https://github.com/vercel/vercel/pull/4317,aft,pull open
https://github.com/vercel/vercel/discussions/4391,https://github.com/vercel/vercel/pull/4412,aft,pull open
https://github.com/vercel/vercel/discussions/4724,https://github.com/vercel/vercel/pull/4728,aft,pull open
https://github.com/vercel/vercel/discussions/4729,https://github.com/vercel/vercel/pull/4850,aft,pull open
https://github.com/vercel/vercel/discussions/4889,https://github.com/vercel/vercel/pull/4897,aft,pull open
https://github.com/vuetifyjs/vuetify/discussions/11490,https://github.com/vuetifyjs/vuetify/issues/11500,aft,issue open